Id,cnt
1,4
2,196
3,175
4,40
5,111
6,120
7,77
8,141
9,111
10,364
11,5
12,227
13,35
14,256
15,47
16,200
17,10
18,64
19,37
20,140
21,94
22,68
23,264
24,132
25,170
26,6
27,186
28,236
29,202
30,343
31,16
32,42
33,523
34,458
35,5
36,210
37,101
38,262
39,235
40,155
41,16
42,30
43,493
44,8
45,3
46,158
47,152
48,32
49,249
50,182
51,122
52,280
53,6
54,167
55,217
56,130
57,340
58,238
59,296
60,664
61,136
62,231
63,30
64,125
65,153
66,348
67,173
68,165
69,10
70,14
71,22
72,13
73,390
74,19
75,400
76,106
77,463
78,368
79,300
80,37
81,113
82,152
83,555
84,116
85,290
86,8
87,507
88,88
89,218
90,305
91,6
92,9
93,145
94,161
95,259
96,370
97,10
98,113
99,481
100,74
101,297
102,11
103,475
104,466
105,79
106,4
107,373
108,547
109,20
110,364
111,176
112,30
113,68
114,8
115,451
116,28
117,319
118,8
119,71
120,436
121,147
122,125
123,215
124,448
125,5
126,376
127,170
128,508
129,220
130,115
131,256
132,76
133,236
134,54
135,187
136,55
137,161
138,7
139,2
140,252
141,94
142,127
143,104
144,345
145,277
146,236
147,7
148,85
149,73
150,100
151,9
152,256
153,375
154,182
155,200
156,84
157,62
158,298
159,781
160,257
161,102
162,300
163,84
164,159
165,117
166,161
167,25
168,90
169,428
170,4
171,281
172,193
173,209
174,175
175,301
176,220
177,199
178,225
179,9
180,214
181,208
182,6
183,32
184,455
185,245
186,233
187,220
188,213
189,115
190,362
191,8
192,72
193,78
194,22
195,39
196,53
197,392
198,43
199,78
200,98
201,428
202,211
203,6
204,225
205,127
206,218
207,3
208,125
209,521
210,256
211,338
212,4
213,119
214,126
215,143
216,118
217,83
218,53
219,22
220,94
221,205
222,46
223,318
224,208
225,199
226,8
227,17
228,356
229,35
230,7
231,220
232,36
233,141
234,9
235,130
236,129
237,45
238,6
239,303
240,362
241,3
242,283
243,234
244,297
245,12
246,361
247,384
248,35
249,38
250,395
251,313
252,348
253,23
254,8
255,68
256,114
257,144
258,296
259,289
260,75
261,185
262,5
263,613
264,224
265,316
266,75
267,213
268,125
269,90
270,362
271,14
272,107
273,144
274,88
275,16
276,37
277,144
278,5
279,135
280,198
281,8
282,63
283,297
284,552
285,457
286,145
287,390
288,30
289,131
290,311
291,42
292,145
293,445
294,114
295,41
296,225
297,100
298,37
299,11
300,532
301,427
302,10
303,241
304,303
305,303
306,374
307,324
308,5
309,664
310,12
311,133
312,98
313,306
314,178
315,6
316,416
317,581
318,162
319,3
320,254
321,311
322,61
323,11
324,36
325,242
326,199
327,407
328,169
329,13
330,216
331,31
332,47
333,3
334,156
335,67
336,4
337,548
338,625
339,175
340,89
341,235
342,183
343,133
344,63
345,215
346,11
347,126
348,73
349,537
350,663
351,322
352,63
353,4
354,483
355,335
356,384
357,263
358,131
359,606
360,40
361,26
362,14
363,417
364,531
365,613
366,501
367,83
368,122
369,109
370,487
371,49
372,67
373,18
374,455
375,240
376,152
377,129
378,52
379,14
380,382
381,248
382,609
383,280
384,129
385,145
386,131
387,79
388,191
389,11
390,567
391,91
392,50
393,310
394,155
395,238
396,100
397,11
398,40
399,6
400,3
401,130
402,16
403,227
404,129
405,439
406,162
407,103
408,382
409,134
410,20
411,4
412,209
413,75
414,29
415,280
416,60
417,356
418,10
419,192
420,24
421,434
422,63
423,188
424,140
425,63
426,265
427,156
428,19
429,5
430,454
431,428
432,299
433,5
434,116
435,19
436,64
437,267
438,464
439,121
440,183
441,198
442,78
443,181
444,540
445,147
446,40
447,339
448,384
449,194
450,41
451,646
452,5
453,8
454,27
455,30
456,84
457,33
458,229
459,255
460,24
461,52
462,176
463,65
464,114
465,88
466,95
467,93
468,60
469,4
470,17
471,53
472,174
473,119
474,421
475,23
476,157
477,213
478,140
479,116
480,114
481,165
482,184
483,136
484,53
485,90
486,21
487,37
488,49
489,35
490,28
491,75
492,286
493,187
494,290
495,191
496,361
497,43
498,178
499,184
500,34
501,62
502,67
503,156
504,93
505,484
506,8
507,30
508,214
509,7
510,181
511,693
512,341
513,509
514,394
515,99
516,25
517,88
518,4
519,468
520,365
521,8
522,43
523,112
524,215
525,372
526,204
527,6
528,545
529,124
530,79
531,388
532,228
533,418
534,78
535,315
536,141
537,67
538,516
539,652
540,114
541,46
542,53
543,296
544,229
545,26
546,528
547,254
548,23
549,621
550,146
551,9
552,715
553,185
554,114
555,100
556,202
557,20
558,211
559,58
560,714
561,45
562,5
563,398
564,239
565,541
566,35
567,159
568,50
569,134
570,232
571,157
572,28
573,214
574,197
575,281
576,5
577,189
578,302
579,359
580,79
581,59
582,260
583,196
584,122
585,275
586,21
587,202
588,61
589,204
590,45
591,209
592,402
593,79
594,33
595,588
596,290
597,443
598,417
599,102
600,150
601,15
602,131
603,23
604,33
605,147
606,10
607,235
608,5
609,7
610,6
611,330
612,201
613,270
614,382
615,282
616,118
617,185
618,206
619,236
620,251
621,465
622,4
623,517
624,140
625,647
626,318
627,126
628,80
629,277
630,92
631,10
632,230
633,159
634,134
635,123
636,26
637,763
638,30
639,202
640,256
641,150
642,247
643,7
644,81
645,147
646,27
647,282
648,339
649,89
650,186
651,180
652,587
653,131
654,12
655,395
656,101
657,33
658,85
659,268
660,196
661,144
662,175
663,8
664,21
665,119
666,93
667,22
668,213
669,436
670,199
671,167
672,8
673,310
674,3
675,198
676,53
677,16
678,163
679,372
680,17
681,60
682,119
683,279
684,50
685,143
686,204
687,133
688,565
689,499
690,7
691,35
692,406
693,59
694,130
695,6
696,575
697,139
698,173
699,158
700,39
701,225
702,112
703,78
704,338
705,169
706,241
707,32
708,205
709,179
710,19
711,102
712,55
713,61
714,262
715,125
716,425
717,25
718,295
719,242
720,10
721,9
722,238
723,476
724,415
725,263
726,140
727,170
728,469
729,146
730,10
731,425
732,8
733,16
734,74
735,238
736,110
737,9
738,402
739,52
740,163
741,325
742,602
743,132
744,94
745,467
746,170
747,4
748,101
749,7
750,22
751,8
752,441
753,376
754,81
755,73
756,411
757,86
758,26
759,581
760,89
761,25
762,30
763,97
764,18
765,25
766,36
767,30
768,128
769,343
770,258
771,706
772,589
773,709
774,110
775,120
776,245
777,321
778,136
779,249
780,208
781,284
782,89
783,13
784,15
785,80
786,74
787,209
788,100
789,351
790,365
791,68
792,696
793,59
794,140
795,189
796,137
797,75
798,73
799,415
800,196
801,507
802,102
803,138
804,106
805,122
806,293
807,441
808,90
809,12
810,11
811,5
812,243
813,161
814,364
815,423
816,379
817,186
818,305
819,138
820,118
821,142
822,197
823,594
824,57
825,179
826,8
827,80
828,218
829,117
830,2
831,161
832,142
833,371
834,181
835,9
836,13
837,12
838,120
839,8
840,222
841,6
842,129
843,158
844,138
845,516
846,405
847,242
848,203
849,523
850,413
851,121
852,361
853,428
854,178
855,64
856,236
857,94
858,4
859,111
860,9
861,172
862,211
863,291
864,23
865,196
866,189
867,66
868,263
869,586
870,191
871,189
872,76
873,501
874,16
875,139
876,155
877,84
878,262
879,5
880,319
881,8
882,30
883,339
884,44
885,567
886,75
887,378
888,189
889,451
890,394
891,101
892,13
893,14
894,129
895,180
896,234
897,9
898,121
899,6
900,11
901,226
902,671
903,181
904,232
905,33
906,122
907,128
908,121
909,209
910,33
911,135
912,290
913,162
914,8
915,218
916,12
917,77
918,11
919,270
920,63
921,219
922,6
923,274
924,239
925,12
926,6
927,603
928,182
929,88
930,175
931,31
932,7
933,133
934,45
935,79
936,660
937,344
938,303
939,6
940,24
941,80
942,10
943,247
944,330
945,263
946,168
947,383
948,11
949,228
950,232
951,166
952,81
953,305
954,68
955,388
956,33
957,256
958,3
959,196
960,171
961,186
962,16
963,82
964,41
965,157
966,259
967,407
968,9
969,12
970,62
971,61
972,301
973,129
974,320
975,476
976,320
977,169
978,4
979,276
980,332
981,5
982,16
983,7
984,528
985,72
986,101
987,9
988,53
989,68
990,198
991,70
992,257
993,8
994,24
995,650
996,284
997,288
998,34
999,614
1000,178
1001,152
1002,28
1003,2
1004,284
1005,155
1006,182
1007,245
1008,39
1009,4
1010,728
1011,15
1012,211
1013,276
1014,122
1015,91
1016,216
1017,57
1018,224
1019,317
1020,100
1021,64
1022,475
1023,448
1024,38
1025,286
1026,8
1027,210
1028,87
1029,63
1030,5
1031,6
1032,7
1033,92
1034,432
1035,363
1036,463
1037,331
1038,222
1039,257
1040,240
1041,206
1042,78
1043,11
1044,7
1045,152
1046,18
1047,71
1048,201
1049,133
1050,409
1051,386
1052,163
1053,177
1054,271
1055,45
1056,52
1057,16
1058,23
1059,374
1060,300
1061,10
1062,291
1063,212
1064,235
1065,18
1066,167
1067,88
1068,95
1069,371
1070,39
1071,389
1072,164
1073,363
1074,168
1075,349
1076,237
1077,310
1078,15
1079,7
1080,186
1081,375
1082,110
1083,97
1084,21
1085,284
1086,239
1087,199
1088,18
1089,714
1090,139
1091,39
1092,72
1093,165
1094,267
1095,136
1096,422
1097,66
1098,328
1099,251
1100,440
1101,19
1102,12
1103,190
1104,329
1105,74
1106,520
1107,215
1108,238
1109,733
1110,144
1111,54
1112,253
1113,10
1114,10
1115,34
1116,120
1117,126
1118,16
1119,186
1120,207
1121,102
1122,182
1123,114
1124,698
1125,91
1126,78
1127,375
1128,29
1129,182
1130,9
1131,622
1132,87
1133,146
1134,323
1135,189
1136,73
1137,47
1138,131
1139,38
1140,231
1141,16
1142,65
1143,498
1144,170
1145,10
1146,6
1147,161
1148,258
1149,394
1150,106
1151,140
1152,359
1153,73
1154,30
1155,214
1156,66
1157,166
1158,159
1159,508
1160,273
1161,189
1162,72
1163,248
1164,332
1165,343
1166,163
1167,73
1168,232
1169,218
1170,89
1171,71
1172,10
1173,165
1174,14
1175,80
1176,557
1177,458
1178,201
1179,32
1180,276
1181,33
1182,32
1183,44
1184,189
1185,88
1186,3
1187,146
1188,548
1189,12
1190,76
1191,47
1192,551
1193,23
1194,371
1195,111
1196,214
1197,230
1198,21
1199,222
1200,305
1201,616
1202,112
1203,10
1204,509
1205,193
1206,264
1207,334
1208,178
1209,310
1210,29
1211,291
1212,555
1213,117
1214,219
1215,110
1216,95
1217,496
1218,216
1219,94
1220,124
1221,15
1222,173
1223,97
1224,211
1225,84
1226,20
1227,23
1228,193
1229,652
1230,259
1231,430
1232,362
1233,260
1234,32
1235,145
1236,258
1237,404
1238,100
1239,6
1240,397
1241,14
1242,196
1243,7
1244,406
1245,557
1246,184
1247,168
1248,68
1249,6
1250,93
1251,383
1252,128
1253,12
1254,360
1255,35
1256,7
1257,253
1258,3
1259,28
1260,265
1261,229
1262,40
1263,357
1264,235
1265,133
1266,4
1267,230
1268,30
1269,33
1270,44
1271,27
1272,276
1273,5
1274,212
1275,95
1276,82
1277,71
1278,10
1279,308
1280,27
1281,17
1282,18
1283,228
1284,80
1285,143
1286,34
1287,197
1288,389
1289,280
1290,64
1291,4
1292,170
1293,199
1294,64
1295,128
1296,15
1297,72
1298,296
1299,5
1300,251
1301,124
1302,209
1303,3
1304,132
1305,63
1306,26
1307,507
1308,356
1309,17
1310,460
1311,147
1312,469
1313,399
1314,3
1315,158
1316,195
1317,685
1318,78
1319,143
1320,215
1321,96
1322,179
1323,721
1324,352
1325,168
1326,147
1327,63
1328,211
1329,95
1330,111
1331,146
1332,269
1333,66
1334,267
1335,90
1336,229
1337,752
1338,8
1339,108
1340,85
1341,8
1342,101
1343,6
1344,341
1345,154
1346,154
1347,371
1348,68
1349,30
1350,258
1351,398
1352,70
1353,15
1354,4
1355,6
1356,192
1357,15
1358,404
1359,223
1360,225
1361,115
1362,131
1363,671
1364,127
1365,237
1366,11
1367,329
1368,297
1369,5
1370,235
1371,173
1372,11
1373,6
1374,82
1375,161
1376,20
1377,199
1378,374
1379,92
1380,162
1381,243
1382,161
1383,202
1384,15
1385,8
1386,243
1387,134
1388,7
1389,414
1390,104
1391,186
1392,234
1393,82
1394,232
1395,114
1396,158
1397,55
1398,266
1399,346
1400,224
1401,24
1402,14
1403,304
1404,209
1405,741
1406,34
1407,15
1408,102
1409,137
1410,17
1411,4
1412,213
1413,77
1414,272
1415,23
1416,26
1417,498
1418,67
1419,38
1420,172
1421,104
1422,4
1423,573
1424,158
1425,562
1426,122
1427,6
1428,40
1429,349
1430,280
1431,260
1432,28
1433,27
1434,98
1435,36
1436,337
1437,177
1438,53
1439,204
1440,203
1441,178
1442,379
1443,172
1444,35
1445,351
1446,307
1447,243
1448,360
1449,91
1450,30
1451,200
1452,6
1453,152
1454,495
1455,262
1456,20
1457,20
1458,225
1459,110
1460,565
1461,438
1462,16
1463,569
1464,661
1465,401
1466,35
1467,165
1468,224
1469,230
1470,5
1471,13
1472,423
1473,16
1474,284
1475,53
1476,31
1477,179
1478,177
1479,13
1480,100
1481,240
1482,178
1483,271
1484,2
1485,39
1486,92
1487,231
1488,110
1489,68
1490,73
1491,18
1492,73
1493,106
1494,185
1495,95
1496,121
1497,112
1498,456
1499,269
1500,150
1501,441
1502,273
1503,632
1504,364
1505,709
1506,5
1507,261
1508,14
1509,134
1510,77
1511,11
1512,113
1513,518
1514,336
1515,326
1516,312
1517,379
1518,86
1519,181
1520,58
1521,213
1522,331
1523,362
1524,44
1525,143
1526,496
1527,259
1528,33
1529,82
1530,217
1531,41
1532,54
1533,24
1534,316
1535,217
1536,53
1537,260
1538,44
1539,65
1540,19
1541,272
1542,293
1543,82
1544,238
1545,140
1546,26
1547,195
1548,207
1549,218
1550,4
1551,197
1552,24
1553,241
1554,208
1555,4
1556,203
1557,75
1558,4
1559,29
1560,135
1561,67
1562,337
1563,82
1564,7
1565,179
1566,208
1567,94
1568,6
1569,749
1570,738
1571,439
1572,5
1573,215
1574,364
1575,36
1576,230
1577,8
1578,66
1579,35
1580,31
1581,410
1582,30
1583,238
1584,287
1585,271
1586,56
1587,113
1588,138
1589,11
1590,199
1591,266
1592,114
1593,66
1594,80
1595,300
1596,381
1597,31
1598,172
1599,25
1600,418
1601,130
1602,458
1603,376
1604,488
1605,21
1606,524
1607,605
1608,280
1609,22
1610,129
1611,202
1612,23
1613,257
1614,63
1615,131
1616,9
1617,3
1618,189
1619,212
1620,266
1621,5
1622,324
1623,354
1624,164
1625,486
1626,16
1627,471
1628,9
1629,66
1630,21
1631,661
1632,208
1633,129
1634,2
1635,55
1636,179
1637,437
1638,2
1639,340
1640,375
1641,561
1642,13
1643,559
1644,107
1645,290
1646,157
1647,320
1648,47
1649,477
1650,36
1651,100
1652,416
1653,111
1654,93
1655,133
1656,331
1657,510
1658,513
1659,182
1660,93
1661,15
1662,222
1663,121
1664,75
1665,120
1666,17
1667,242
1668,104
1669,297
1670,185
1671,65
1672,6
1673,172
1674,54
1675,401
1676,74
1677,375
1678,308
1679,257
1680,83
1681,344
1682,167
1683,354
1684,157
1685,283
1686,521
1687,353
1688,10
1689,71
1690,128
1691,4
1692,13
1693,150
1694,301
1695,557
1696,17
1697,6
1698,373
1699,33
1700,98
1701,157
1702,10
1703,219
1704,239
1705,74
1706,105
1707,111
1708,5
1709,408
1710,189
1711,195
1712,8
1713,83
1714,6
1715,111
1716,155
1717,28
1718,87
1719,5
1720,211
1721,207
1722,261
1723,515
1724,221
1725,12
1726,145
1727,32
1728,223
1729,119
1730,61
1731,73
1732,176
1733,8
1734,398
1735,122
1736,86
1737,63
1738,226
1739,254
1740,254
1741,94
1742,131
1743,163
1744,21
1745,170
1746,261
1747,728
1748,169
1749,467
1750,329
1751,229
1752,11
1753,375
1754,555
1755,369
1756,158
1757,3
1758,96
1759,22
1760,348
1761,28
1762,192
1763,16
1764,65
1765,83
1766,7
1767,134
1768,85
1769,173
1770,88
1771,5
1772,280
1773,8
1774,76
1775,204
1776,441
1777,72
1778,582
1779,96
1780,151
1781,4
1782,125
1783,507
1784,6
1785,10
1786,4
1787,2
1788,30
1789,65
1790,399
1791,126
1792,29
1793,458
1794,72
1795,372
1796,60
1797,17
1798,72
1799,367
1800,197
1801,165
1802,405
1803,7
1804,339
1805,206
1806,114
1807,238
1808,8
1809,118
1810,221
1811,246
1812,248
1813,146
1814,305
1815,193
1816,128
1817,176
1818,241
1819,216
1820,21
1821,80
1822,205
1823,175
1824,591
1825,3
1826,118
1827,241
1828,719
1829,611
1830,5
1831,256
1832,405
1833,441
1834,211
1835,310
1836,352
1837,286
1838,10
1839,4
1840,179
1841,452
1842,668
1843,21
1844,233
1845,110
1846,161
1847,33
1848,595
1849,160
1850,84
1851,131
1852,683
1853,48
1854,64
1855,490
1856,168
1857,643
1858,293
1859,285
1860,611
1861,23
1862,340
1863,87
1864,447
1865,206
1866,7
1867,461
1868,171
1869,217
1870,232
1871,267
1872,166
1873,30
1874,355
1875,81
1876,501
1877,323
1878,234
1879,222
1880,161
1881,432
1882,174
1883,54
1884,264
1885,660
1886,2
1887,79
1888,92
1889,433
1890,96
1891,5
1892,9
1893,266
1894,40
1895,326
1896,618
1897,135
1898,205
1899,188
1900,436
1901,313
1902,57
1903,112
1904,5
1905,103
1906,56
1907,127
1908,264
1909,411
1910,186
1911,472
1912,616
1913,257
1914,257
1915,5
1916,13
1917,58
1918,238
1919,276
1920,781
1921,80
1922,448
1923,475
1924,33
1925,141
1926,199
1927,360
1928,137
1929,238
1930,52
1931,221
1932,264
1933,24
1934,71
1935,3
1936,349
1937,69
1938,72
1939,53
1940,191
1941,20
1942,70
1943,33
1944,298
1945,145
1946,48
1947,587
1948,646
1949,5
1950,11
1951,130
1952,107
1953,119
1954,3
1955,8
1956,159
1957,223
1958,644
1959,8
1960,217
1961,314
1962,58
1963,196
1964,152
1965,58
1966,122
1967,28
1968,125
1969,6
1970,29
1971,148
1972,69
1973,271
1974,111
1975,4
1976,266
1977,37
1978,187
1979,167
1980,152
1981,545
1982,58
1983,336
1984,99
1985,93
1986,435
1987,280
1988,148
1989,181
1990,145
1991,594
1992,487
1993,285
1994,50
1995,586
1996,140
1997,238
1998,7
1999,143
2000,2
2001,156
2002,95
2003,11
2004,7
2005,287
2006,43
2007,7
2008,213
2009,59
2010,177
2011,32
2012,139
2013,45
2014,184
2015,69
2016,141
2017,83
2018,303
2019,157
2020,111
2021,50
2022,27
2023,341
2024,17
2025,136
2026,217
2027,136
2028,128
2029,612
2030,23
2031,190
2032,270
2033,72
2034,16
2035,11
2036,381
2037,49
2038,148
2039,370
2040,152
2041,88
2042,145
2043,50
2044,266
2045,4
2046,255
2047,31
2048,509
2049,314
2050,19
2051,315
2052,181
2053,539
2054,16
2055,441
2056,409
2057,16
2058,171
2059,34
2060,415
2061,79
2062,528
2063,702
2064,64
2065,60
2066,130
2067,39
2068,214
2069,414
2070,7
2071,38
2072,394
2073,68
2074,411
2075,58
2076,174
2077,176
2078,98
2079,93
2080,395
2081,69
2082,37
2083,95
2084,325
2085,39
2086,6
2087,215
2088,23
2089,442
2090,8
2091,370
2092,361
2093,171
2094,173
2095,142
2096,328
2097,6
2098,747
2099,94
2100,9
2101,2
2102,183
2103,282
2104,8
2105,394
2106,100
2107,472
2108,203
2109,155
2110,251
2111,622
2112,3
2113,128
2114,142
2115,250
2116,111
2117,208
2118,14
2119,6
2120,22
2121,463
2122,11
2123,347
2124,64
2125,151
2126,314
2127,54
2128,420
2129,40
2130,12
2131,413
2132,27
2133,6
2134,152
2135,237
2136,137
2137,179
2138,200
2139,221
2140,94
2141,19
2142,153
2143,7
2144,184
2145,219
2146,107
2147,15
2148,209
2149,53
2150,476
2151,87
2152,102
2153,106
2154,147
2155,148
2156,18
2157,153
2158,257
2159,38
2160,170
2161,302
2162,221
2163,376
2164,84
2165,20
2166,266
2167,5
2168,335
2169,156
2170,431
2171,414
2172,512
2173,222
2174,13
2175,23
2176,206
2177,402
2178,24
2179,294
2180,251
2181,229
2182,278
2183,257
2184,67
2185,246
2186,298
2187,24
2188,637
2189,198
2190,24
2191,11
2192,171
2193,316
2194,303
2195,14
2196,8
2197,305
2198,182
2199,8
2200,360
2201,15
2202,125
2203,12
2204,247
2205,3
2206,266
2207,189
2208,40
2209,213
2210,74
2211,385
2212,8
2213,97
2214,26
2215,238
2216,6
2217,38
2218,539
2219,69
2220,7
2221,10
2222,154
2223,116
2224,140
2225,34
2226,3
2227,16
2228,256
2229,36
2230,189
2231,32
2232,44
2233,37
2234,56
2235,275
2236,590
2237,289
2238,326
2239,289
2240,149
2241,76
2242,69
2243,613
2244,15
2245,349
2246,63
2247,292
2248,209
2249,223
2250,188
2251,174
2252,134
2253,221
2254,106
2255,82
2256,251
2257,400
2258,135
2259,239
2260,44
2261,104
2262,113
2263,6
2264,12
2265,36
2266,26
2267,140
2268,203
2269,286
2270,105
2271,459
2272,256
2273,248
2274,169
2275,239
2276,161
2277,330
2278,181
2279,9
2280,111
2281,171
2282,139
2283,54
2284,671
2285,205
2286,245
2287,202
2288,55
2289,379
2290,82
2291,4
2292,522
2293,242
2294,7
2295,17
2296,63
2297,40
2298,5
2299,101
2300,198
2301,525
2302,308
2303,58
2304,124
2305,5
2306,163
2307,5
2308,290
2309,3
2310,38
2311,18
2312,450
2313,466
2314,525
2315,15
2316,475
2317,10
2318,203
2319,26
2320,264
2321,290
2322,128
2323,36
2324,315
2325,350
2326,28
2327,7
2328,21
2329,34
2330,134
2331,6
2332,175
2333,57
2334,16
2335,71
2336,95
2337,140
2338,351
2339,85
2340,12
2341,171
2342,13
2343,111
2344,100
2345,22
2346,306
2347,461
2348,46
2349,3
2350,137
2351,8
2352,27
2353,533
2354,37
2355,115
2356,377
2357,219
2358,113
2359,6
2360,464
2361,115
2362,418
2363,50
2364,112
2365,257
2366,61
2367,299
2368,8
2369,466
2370,138
2371,391
2372,508
2373,197
2374,155
2375,578
2376,58
2377,711
2378,57
2379,498
2380,241
2381,10
2382,53
2383,180
2384,12
2385,34
2386,253
2387,499
2388,119
2389,13
2390,24
2391,26
2392,124
2393,5
2394,282
2395,178
2396,285
2397,165
2398,549
2399,248
2400,146
2401,255
2402,315
2403,657
2404,145
2405,225
2406,586
2407,325
2408,153
2409,88
2410,136
2411,417
2412,171
2413,212
2414,580
2415,81
2416,8
2417,2
2418,306
2419,423
2420,103
2421,2
2422,649
2423,202
2424,8
2425,78
2426,51
2427,11
2428,144
2429,52
2430,224
2431,235
2432,120
2433,5
2434,546
2435,181
2436,84
2437,331
2438,250
2439,157
2440,19
2441,50
2442,313
2443,249
2444,17
2445,2
2446,266
2447,66
2448,41
2449,221
2450,59
2451,75
2452,216
2453,409
2454,288
2455,139
2456,10
2457,148
2458,171
2459,196
2460,4
2461,175
2462,216
2463,591
2464,566
2465,6
2466,167
2467,65
2468,410
2469,22
2470,296
2471,757
2472,81
2473,488
2474,181
2475,389
2476,334
2477,19
2478,434
2479,3
2480,288
2481,5
2482,5
2483,35
2484,203
2485,413
2486,177
2487,255
2488,100
2489,146
2490,5
2491,138
2492,19
2493,65
2494,228
2495,39
2496,54
2497,45
2498,22
2499,114
2500,611
2501,225
2502,246
2503,67
2504,304
2505,70
2506,126
2507,361
2508,7
2509,207
2510,224
2511,154
2512,65
2513,13
2514,20
2515,16
2516,357
2517,224
2518,2
2519,4
2520,8
2521,80
2522,19
2523,140
2524,7
2525,314
2526,436
2527,116
2528,157
2529,68
2530,164
2531,421
2532,364
2533,127
2534,202
2535,229
2536,88
2537,545
2538,3
2539,418
2540,659
2541,110
2542,390
2543,138
2544,257
2545,89
2546,137
2547,14
2548,303
2549,66
2550,194
2551,114
2552,86
2553,156
2554,467
2555,310
2556,492
2557,214
2558,286
2559,5
2560,71
2561,166
2562,8
2563,290
2564,15
2565,139
2566,477
2567,193
2568,210
2569,205
2570,451
2571,306
2572,109
2573,141
2574,115
2575,189
2576,318
2577,228
2578,674
2579,232
2580,129
2581,15
2582,2
2583,58
2584,298
2585,35
2586,225
2587,64
2588,17
2589,9
2590,217
2591,17
2592,444
2593,589
2594,226
2595,86
2596,357
2597,141
2598,267
2599,320
2600,265
2601,622
2602,391
2603,291
2604,566
2605,96
2606,184
2607,263
2608,11
2609,109
2610,5
2611,739
2612,292
2613,412
2614,457
2615,53
2616,181
2617,352
2618,64
2619,347
2620,252
2621,12
2622,409
2623,464
2624,88
2625,40
2626,140
2627,32
2628,244
2629,154
2630,653
2631,505
2632,81
2633,117
2634,544
2635,104
2636,113
2637,56
2638,334
2639,190
2640,104
2641,370
2642,221
2643,7
2644,132
2645,23
2646,123
2647,141
2648,200
2649,785
2650,29
2651,269
2652,249
2653,26
2654,231
2655,6
2656,181
2657,92
2658,8
2659,17
2660,178
2661,408
2662,413
2663,185
2664,5
2665,285
2666,111
2667,131
2668,4
2669,84
2670,261
2671,208
2672,136
2673,274
2674,16
2675,629
2676,35
2677,191
2678,234
2679,312
2680,580
2681,40
2682,62
2683,151
2684,546
2685,411
2686,483
2687,18
2688,186
2689,219
2690,30
2691,194
2692,23
2693,791
2694,198
2695,55
2696,114
2697,145
2698,185
2699,16
2700,246
2701,243
2702,336
2703,166
2704,17
2705,8
2706,179
2707,224
2708,300
2709,231
2710,8
2711,157
2712,216
2713,183
2714,152
2715,434
2716,3
2717,8
2718,271
2719,220
2720,88
2721,23
2722,136
2723,14
2724,255
2725,378
2726,31
2727,20
2728,54
2729,189
2730,290
2731,193
2732,127
2733,18
2734,70
2735,130
2736,135
2737,99
2738,138
2739,7
2740,13
2741,3
2742,419
2743,134
2744,10
2745,591
2746,70
2747,58
2748,75
2749,55
2750,82
2751,419
2752,187
2753,73
2754,219
2755,26
2756,39
2757,367
2758,67
2759,67
2760,262
2761,5
2762,2
2763,165
2764,76
2765,61
2766,146
2767,371
2768,10
2769,17
2770,11
2771,15
2772,292
2773,96
2774,172
2775,140
2776,350
2777,269
2778,304
2779,216
2780,227
2781,542
2782,327
2783,366
2784,299
2785,144
2786,25
2787,161
2788,14
2789,194
2790,11
2791,458
2792,103
2793,401
2794,186
2795,8
2796,217
2797,3
2798,145
2799,104
2800,408
2801,55
2802,105
2803,296
2804,75
2805,118
2806,280
2807,90
2808,500
2809,7
2810,263
2811,773
2812,130
2813,324
2814,247
2815,154
2816,273
2817,508
2818,190
2819,437
2820,208
2821,383
2822,526
2823,34
2824,168
2825,128
2826,641
2827,383
2828,17
2829,101
2830,114
2831,198
2832,27
2833,82
2834,4
2835,548
2836,715
2837,144
2838,116
2839,225
2840,44
2841,35
2842,138
2843,80
2844,420
2845,334
2846,207
2847,483
2848,124
2849,126
2850,175
2851,14
2852,261
2853,6
2854,132
2855,208
2856,30
2857,284
2858,26
2859,7
2860,74
2861,4
2862,261
2863,337
2864,106
2865,9
2866,70
2867,96
2868,80
2869,346
2870,49
2871,104
2872,114
2873,273
2874,271
2875,154
2876,7
2877,191
2878,29
2879,529
2880,25
2881,330
2882,73
2883,110
2884,22
2885,94
2886,5
2887,120
2888,155
2889,433
2890,26
2891,375
2892,140
2893,10
2894,71
2895,271
2896,181
2897,307
2898,164
2899,514
2900,199
2901,64
2902,204
2903,98
2904,23
2905,199
2906,36
2907,275
2908,147
2909,479
2910,94
2911,386
2912,339
2913,31
2914,8
2915,69
2916,198
2917,120
2918,5
2919,148
2920,183
2921,111
2922,336
2923,197
2924,191
2925,163
2926,261
2927,172
2928,268
2929,15
2930,29
2931,35
2932,165
2933,399
2934,75
2935,331
2936,42
2937,364
2938,199
2939,228
2940,400
2941,176
2942,244
2943,152
2944,421
2945,202
2946,362
2947,233
2948,307
2949,78
2950,373
2951,215
2952,151
2953,35
2954,284
2955,383
2956,90
2957,590
2958,425
2959,499
2960,121
2961,15
2962,324
2963,467
2964,256
2965,103
2966,251
2967,115
2968,199
2969,224
2970,162
2971,7
2972,149
2973,230
2974,432
2975,120
2976,16
2977,29
2978,333
2979,103
2980,19
2981,16
2982,161
2983,113
2984,219
2985,127
2986,46
2987,391
2988,709
2989,403
2990,195
2991,37
2992,232
2993,74
2994,178
2995,445
2996,35
2997,16
2998,421
2999,245
3000,59
3001,133
3002,399
3003,353
3004,6
3005,6
3006,38
3007,233
3008,274
3009,147
3010,62
3011,148
3012,76
3013,34
3014,288
3015,185
3016,652
3017,6
3018,212
3019,38
3020,342
3021,218
3022,502
3023,374
3024,99
3025,295
3026,444
3027,79
3028,187
3029,551
3030,115
3031,400
3032,13
3033,3
3034,120
3035,92
3036,217
3037,2
3038,246
3039,255
3040,17
3041,428
3042,38
3043,7
3044,97
3045,537
3046,58
3047,31
3048,473
3049,32
3050,207
3051,486
3052,408
3053,120
3054,7
3055,5
3056,440
3057,409
3058,65
3059,127
3060,122
3061,9
3062,201
3063,188
3064,126
3065,155
3066,72
3067,94
3068,601
3069,243
3070,169
3071,16
3072,569
3073,5
3074,394
3075,202
3076,8
3077,243
3078,7
3079,265
3080,408
3081,422
3082,239
3083,296
3084,261
3085,36
3086,363
3087,220
3088,218
3089,194
3090,250
3091,174
3092,636
3093,124
3094,26
3095,154
3096,125
3097,23
3098,108
3099,6
3100,123
3101,13
3102,29
3103,282
3104,93
3105,132
3106,164
3107,51
3108,17
3109,7
3110,157
3111,50
3112,484
3113,686
3114,173
3115,21
3116,4
3117,609
3118,173
3119,280
3120,137
3121,65
3122,106
3123,745
3124,189
3125,3
3126,99
3127,304
3128,267
3129,4
3130,541
3131,152
3132,404
3133,5
3134,710
3135,278
3136,342
3137,123
3138,201
3139,58
3140,12
3141,267
3142,145
3143,83
3144,112
3145,404
3146,76
3147,361
3148,451
3149,4
3150,121
3151,38
3152,120
3153,30
3154,112
3155,608
3156,43
3157,110
3158,28
3159,64
3160,336
3161,7
3162,628
3163,178
3164,131
3165,236
3166,231
3167,23
3168,115
3169,442
3170,268
3171,153
3172,279
3173,250
3174,281
3175,100
3176,102
3177,15
3178,12
3179,226
3180,95
3181,541
3182,129
3183,24
3184,90
3185,9
3186,132
3187,4
3188,46
3189,325
3190,65
3191,570
3192,245
3193,758
3194,71
3195,347
3196,117
3197,32
3198,137
3199,8
3200,133
3201,20
3202,4
3203,260
3204,316
3205,92
3206,151
3207,43
3208,165
3209,5
3210,467
3211,154
3212,19
3213,61
3214,77
3215,80
3216,502
3217,144
3218,254
3219,6
3220,211
3221,339
3222,424
3223,417
3224,225
3225,641
3226,548
3227,5
3228,421
3229,97
3230,106
3231,110
3232,17
3233,527
3234,50
3235,32
3236,114
3237,7
3238,130
3239,628
3240,34
3241,149
3242,162
3243,15
3244,379
3245,297
3246,133
3247,49
3248,35
3249,122
3250,49
3251,19
3252,31
3253,683
3254,3
3255,165
3256,7
3257,127
3258,316
3259,184
3260,691
3261,424
3262,53
3263,10
3264,118
3265,44
3266,39
3267,95
3268,268
3269,255
3270,441
3271,114
3272,61
3273,5
3274,33
3275,206
3276,203
3277,54
3278,7
3279,398
3280,453
3281,453
3282,228
3283,342
3284,362
3285,330
3286,32
3287,185
3288,119
3289,295
3290,242
3291,12
3292,552
3293,100
3294,151
3295,34
3296,20
3297,436
3298,540
3299,68
3300,576
3301,508
3302,16
3303,11
3304,27
3305,10
3306,11
3307,189
3308,163
3309,36
3310,268
3311,638
3312,7
3313,483
3314,200
3315,167
3316,310
3317,152
3318,382
3319,353
3320,101
3321,264
3322,620
3323,238
3324,23
3325,7
3326,487
3327,230
3328,5
3329,17
3330,134
3331,352
3332,1
3333,101
3334,179
3335,400
3336,16
3337,5
3338,81
3339,243
3340,612
3341,125
3342,624
3343,126
3344,8
3345,204
3346,129
3347,111
3348,56
3349,6
3350,53
3351,184
3352,147
3353,59
3354,19
3355,187
3356,92
3357,49
3358,267
3359,476
3360,336
3361,21
3362,222
3363,6
3364,148
3365,479
3366,174
3367,15
3368,48
3369,178
3370,131
3371,194
3372,10
3373,17
3374,11
3375,299
3376,8
3377,290
3378,161
3379,348
3380,12
3381,6
3382,497
3383,144
3384,55
3385,5
3386,208
3387,111
3388,368
3389,203
3390,129
3391,52
3392,77
3393,512
3394,30
3395,48
3396,382
3397,32
3398,19
3399,126
3400,346
3401,506
3402,113
3403,312
3404,24
3405,48
3406,190
3407,109
3408,40
3409,70
3410,32
3411,10
3412,243
3413,410
3414,204
3415,22
3416,143
3417,107
3418,686
3419,10
3420,3
3421,180
3422,3
3423,287
3424,9
3425,131
3426,261
3427,254
3428,123
3429,13
3430,44
3431,88
3432,5
3433,124
3434,592
3435,6
3436,57
3437,40
3438,34
3439,6
3440,205
3441,284
3442,56
3443,271
3444,10
3445,6
3446,215
3447,229
3448,160
3449,26
3450,5
3451,183
3452,145
3453,320
3454,83
3455,491
3456,73
3457,155
3458,217
3459,14
3460,287
3461,326
3462,50
3463,5
3464,5
3465,160
3466,454
3467,313
3468,98
3469,175
3470,129
3471,48
3472,245
3473,26
3474,335
3475,140
3476,181
3477,7
3478,163
3479,243
3480,138
3481,62
3482,251
3483,37
3484,65
3485,13
3486,29
3487,195
3488,20
3489,244
3490,229
3491,215
3492,27
3493,255
3494,4
3495,27
3496,141
3497,20
3498,28
3499,93
3500,200
3501,201
3502,91
3503,157
3504,104
3505,33
3506,448
3507,40
3508,128
3509,480
3510,330
3511,7
3512,420
3513,346
3514,136
3515,210
3516,177
3517,407
3518,75
3519,40
3520,58
3521,85
3522,92
3523,31
3524,32
3525,299
3526,177
3527,187
3528,5
3529,156
3530,201
3531,177
3532,127
3533,161
3534,377
3535,12
3536,379
3537,328
3538,389
3539,8
3540,258
3541,10
3542,189
3543,250
3544,113
3545,256
3546,426
3547,104
3548,17
3549,434
3550,296
3551,61
3552,77
3553,70
3554,87
3555,606
3556,61
3557,145
3558,26
3559,162
3560,79
3561,3
3562,3
3563,164
3564,134
3565,158
3566,208
3567,189
3568,28
3569,147
3570,284
3571,430
3572,89
3573,230
3574,33
3575,271
3576,100
3577,526
3578,276
3579,6
3580,63
3581,233
3582,271
3583,112
3584,178
3585,131
3586,34
3587,10
3588,19
3589,18
3590,496
3591,218
3592,367
3593,132
3594,203
3595,327
3596,56
3597,193
3598,160
3599,159
3600,5
3601,308
3602,104
3603,65
3604,125
3605,428
3606,346
3607,81
3608,18
3609,268
3610,288
3611,300
3612,206
3613,35
3614,134
3615,352
3616,517
3617,9
3618,9
3619,180
3620,167
3621,167
3622,656
3623,484
3624,205
3625,214
3626,22
3627,448
3628,297
3629,242
3630,75
3631,7
3632,100
3633,399
3634,263
3635,180
3636,290
3637,544
3638,100
3639,209
3640,53
3641,192
3642,2
3643,502
3644,183
3645,94
3646,260
3647,232
3648,641
3649,240
3650,343
3651,436
3652,445
3653,68
3654,26
3655,64
3656,13
3657,86
3658,205
3659,567
3660,34
3661,122
3662,58
3663,168
3664,154
3665,50
3666,175
3667,315
3668,194
3669,269
3670,172
3671,45
3672,350
3673,5
3674,41
3675,72
3676,161
3677,119
3678,86
3679,131
3680,18
3681,363
3682,44
3683,17
3684,6
3685,182
3686,191
3687,658
3688,160
3689,19
3690,33
3691,28
3692,38
3693,117
3694,541
3695,196
3696,20
3697,148
3698,140
3699,207
3700,503
3701,133
3702,25
3703,12
3704,419
3705,509
3706,31
3707,562
3708,348
3709,285
3710,84
3711,85
3712,22
3713,231
3714,493
3715,82
3716,422
3717,144
3718,243
3719,95
3720,200
3721,296
3722,29
3723,560
3724,105
3725,208
3726,18
3727,39
3728,138
3729,139
3730,63
3731,7
3732,348
3733,286
3734,3
3735,18
3736,372
3737,40
3738,151
3739,382
3740,6
3741,178
3742,49
3743,242
3744,359
3745,132
3746,138
3747,219
3748,211
3749,89
3750,372
3751,273
3752,217
3753,7
3754,333
3755,67
3756,220
3757,149
3758,438
3759,3
3760,311
3761,241
3762,87
3763,51
3764,655
3765,50
3766,694
3767,213
3768,168
3769,221
3770,245
3771,3
3772,237
3773,47
3774,61
3775,113
3776,384
3777,6
3778,10
3779,373
3780,13
3781,105
3782,694
3783,396
3784,426
3785,360
3786,317
3787,36
3788,96
3789,137
3790,522
3791,5
3792,216
3793,496
3794,173
3795,508
3796,190
3797,184
3798,139
3799,148
3800,34
3801,196
3802,322
3803,563
3804,16
3805,400
3806,16
3807,24
3808,418
3809,208
3810,84
3811,15
3812,120
3813,281
3814,431
3815,48
3816,123
3817,346
3818,159
3819,701
3820,32
3821,285
3822,82
3823,18
3824,362
3825,209
3826,376
3827,141
3828,72
3829,345
3830,402
3831,267
3832,49
3833,122
3834,29
3835,246
3836,186
3837,10
3838,219
3839,192
3840,4
3841,121
3842,354
3843,94
3844,85
3845,220
3846,170
3847,64
3848,8
3849,36
3850,5
3851,139
3852,176
3853,196
3854,84
3855,397
3856,291
3857,259
3858,264
3859,464
3860,58
3861,9
3862,163
3863,108
3864,15
3865,587
3866,131
3867,322
3868,247
3869,184
3870,189
3871,337
3872,8
3873,5
3874,114
3875,116
3876,142
3877,292
3878,133
3879,557
3880,403
3881,47
3882,86
3883,12
3884,159
3885,94
3886,119
3887,5
3888,162
3889,149
3890,61
3891,19
3892,38
3893,343
3894,801
3895,12
3896,106
3897,187
3898,216
3899,382
3900,104
3901,267
3902,12
3903,223
3904,170
3905,211
3906,82
3907,185
3908,385
3909,106
3910,157
3911,109
3912,7
3913,155
3914,8
3915,403
3916,131
3917,70
3918,796
3919,6
3920,183
3921,41
3922,5
3923,491
3924,45
3925,25
3926,270
3927,96
3928,11
3929,285
3930,500
3931,4
3932,215
3933,11
3934,218
3935,177
3936,44
3937,299
3938,471
3939,252
3940,218
3941,227
3942,94
3943,230
3944,209
3945,84
3946,95
3947,175
3948,7
3949,7
3950,346
3951,238
3952,253
3953,332
3954,707
3955,48
3956,261
3957,143
3958,29
3959,27
3960,611
3961,262
3962,418
3963,163
3964,237
3965,307
3966,593
3967,23
3968,108
3969,344
3970,525
3971,38
3972,110
3973,79
3974,172
3975,169
3976,58
3977,59
3978,76
3979,25
3980,7
3981,819
3982,32
3983,265
3984,229
3985,19
3986,404
3987,245
3988,216
3989,3
3990,233
3991,6
3992,18
3993,13
3994,356
3995,7
3996,381
3997,89
3998,96
3999,30
4000,37
4001,198
4002,189
4003,430
4004,64
4005,7
4006,296
4007,69
4008,269
4009,353
4010,58
4011,4
4012,151
4013,494
4014,617
4015,34
4016,58
4017,249
4018,110
4019,6
4020,6
4021,142
4022,261
4023,100
4024,477
4025,404
4026,75
4027,64
4028,13
4029,316
4030,182
4031,61
4032,50
4033,152
4034,184
4035,406
4036,385
4037,290
4038,107
4039,87
4040,238
4041,225
4042,158
4043,169
4044,227
4045,210
4046,52
4047,139
4048,318
4049,260
4050,404
4051,165
4052,283
4053,176
4054,492
4055,266
4056,66
4057,212
4058,41
4059,697
4060,139
4061,422
4062,231
4063,4
4064,6
4065,270
4066,221
4067,632
4068,110
4069,276
4070,5
4071,553
4072,73
4073,133
4074,262
4075,144
4076,318
4077,189
4078,59
4079,7
4080,55
4081,7
4082,539
4083,286
4084,99
4085,157
4086,8
4087,311
4088,144
4089,92
4090,81
4091,3
4092,77
4093,23
4094,320
4095,290
4096,23
4097,61
4098,354
4099,111
4100,126
4101,146
4102,173
4103,339
4104,247
4105,67
4106,311
4107,418
4108,93
4109,352
4110,332
4111,264
4112,200
4113,13
4114,181
4115,52
4116,26
4117,7
4118,206
4119,423
4120,33
4121,150
4122,145
4123,87
4124,11
4125,5
4126,289
4127,36
4128,51
4129,646
4130,448
4131,449
4132,5
4133,308
4134,73
4135,6
4136,318
4137,227
4138,263
4139,438
4140,606
4141,68
4142,183
4143,112
4144,230
4145,138
4146,52
4147,90
4148,57
4149,15
4150,4
4151,122
4152,192
4153,249
4154,184
4155,97
4156,217
4157,249
4158,4
4159,567
4160,133
4161,55
4162,356
4163,174
4164,261
4165,66
4166,47
4167,15
4168,285
4169,314
4170,8
4171,189
4172,459
4173,134
4174,8
4175,188
4176,7
4177,296
4178,239
4179,447
4180,615
4181,492
4182,95
4183,416
4184,10
4185,9
4186,325
4187,7
4188,287
4189,133
4190,36
4191,17
4192,204
4193,347
4194,287
4195,24
4196,6
4197,94
4198,521
4199,133
4200,279
4201,19
4202,7
4203,310
4204,197
4205,440
4206,240
4207,193
4208,683
4209,651
4210,678
4211,141
4212,125
4213,607
4214,276
4215,68
4216,17
4217,67
4218,127
4219,55
4220,237
4221,257
4222,68
4223,181
4224,17
4225,761
4226,274
4227,27
4228,229
4229,378
4230,89
4231,220
4232,287
4233,146
4234,4
4235,8
4236,269
4237,580
4238,28
4239,187
4240,428
4241,400
4242,122
4243,179
4244,213
4245,5
4246,85
4247,318
4248,406
4249,260
4250,152
4251,25
4252,192
4253,129
4254,202
4255,118
4256,315
4257,92
4258,587
4259,78
4260,175
4261,149
4262,8
4263,2
4264,630
4265,236
4266,3
4267,242
4268,146
4269,470
4270,408
4271,139
4272,9
4273,133
4274,4
4275,224
4276,149
4277,134
4278,11
4279,358
4280,36
4281,110
4282,40
4283,217
4284,29
4285,431
4286,137
4287,38
4288,371
4289,13
4290,6
4291,289
4292,241
4293,204
4294,5
4295,105
4296,123
4297,141
4298,196
4299,524
4300,9
4301,86
4302,443
4303,74
4304,127
4305,238
4306,200
4307,574
4308,61
4309,365
4310,386
4311,25
4312,65
4313,313
4314,196
4315,255
4316,600
4317,29
4318,35
4319,108
4320,520
4321,137
4322,45
4323,569
4324,279
4325,23
4326,168
4327,72
4328,6
4329,100
4330,358
4331,251
4332,641
4333,226
4334,82
4335,292
4336,673
4337,516
4338,46
4339,362
4340,111
4341,49
4342,8
4343,130
4344,414
